x,y,theta
5,20,0
5.14,20,0.0146299
5.27999,20.002,0.0292599
5.41993,20.0061,0.0438898
5.55979,20.0123,0.0585197
5.69955,20.0205,0.0731496
5.83918,20.0307,0.0877796
5.97864,20.043,0.102409
6.1179,20.0573,0.117039
6.25695,20.0736,0.131669
6.39573,20.092,0.146299
6.53424,20.1124,0.160929
6.67243,20.1349,0.175559
6.81028,20.1593,0.190189
6.94775,20.1858,0.204819
7.08483,20.2143,0.219449
7.22147,20.2447,0.234079
7.35765,20.2772,0.248709
7.49334,20.3117,0.263339
7.62852,20.3481,0.277969
7.76314,20.3865,0.292599
7.89719,20.4269,0.307228
8.03064,20.4692,0.321858
8.16345,20.5135,0.336488
8.2956,20.5598,0.351118
8.42706,20.6079,0.365748
8.5578,20.658,0.380378
8.68779,20.71,0.395008
8.81701,20.7638,0.409638
8.94543,20.8196,0.424268
9.07301,20.8772,0.438898
9.19974,20.9367,0.453528
9.32559,20.9981,0.468158
9.45053,21.0612,0.482788
9.57453,21.1262,0.497418
9.69756,21.193,0.512047
9.8196,21.2616,0.526677
9.94063,21.332,0.541307
10.0606,21.4041,0.555937
10.1795,21.478,0.570567
10.2974,21.5536,0.585197
10.4141,21.631,0.585197
10.5308,21.7083,0.585197
10.6475,21.7856,0.585197
10.7642,21.863,0.585197
10.8809,21.9403,0.585197
10.9976,22.0176,0.585197
11.1143,22.0949,0.585197
11.231,22.1723,0.585197
11.3477,22.2496,0.585197
11.4644,22.3269,0.585197
11.5811,22.4043,0.585197
11.6978,22.4816,0.585197
11.8145,22.5589,0.585197
11.9312,22.6363,0.585197
12.0479,22.7136,0.585197
12.1646,22.7909,0.585197
12.2813,22.8683,0.585197
12.398,22.9456,0.585197
12.5147,23.0229,0.585197
12.6314,23.1002,0.585197
12.7482,23.1776,0.585197
12.8649,23.2549,0.585197
12.9816,23.3322,0.585197
13.0983,23.4096,0.585197
13.215,23.4869,0.585197
13.3317,23.5642,0.585197
13.4484,23.6416,0.585197
13.5651,23.7189,0.585197
13.6818,23.7962,0.585197
13.7985,23.8736,0.585197
13.9152,23.9509,0.585197
14.0319,24.0282,0.585197
14.1486,24.1055,0.585197
14.2653,24.1829,0.585197
14.382,24.2602,0.585197
14.4987,24.3375,0.585197
14.6154,24.4149,0.585197
14.7321,24.4922,0.585197
14.8488,24.5695,0.585197
14.9655,24.6469,0.585197
15.0822,24.7242,0.585197
15.1989,24.8015,0.585197
15.3156,24.8789,0.585197
15.4324,24.9562,0.585197
15.5491,25.0335,0.585197
15.6658,25.1109,0.585197
15.7825,25.1882,0.585197
15.8992,25.2655,0.585197
16.0159,25.3428,0.585197
16.1326,25.4202,0.585197
16.2493,25.4975,0.585197
16.366,25.5748,0.585197
16.4827,25.6522,0.585197
16.5994,25.7295,0.585197
16.7161,25.8068,0.585197
16.8328,25.8842,0.585197
16.9495,25.9615,0.585197
17.0662,26.0388,0.585197
17.1829,26.1162,0.585197
17.2996,26.1935,0.585197
17.4163,26.2708,0.585197
17.533,26.3481,0.585197
17.6497,26.4255,0.585197
17.7664,26.5028,0.585197
17.8831,26.5801,0.585197
17.9999,26.6575,0.585197
18.1166,26.7348,0.585197
18.2333,26.8121,0.585197
18.35,26.8895,0.585197
18.4667,26.9668,0.585197
18.5834,27.0441,0.570567
18.7012,27.1197,0.555937
18.8201,27.1936,0.541307
18.9401,27.2658,0.526677
19.0611,27.3361,0.512047
19.1832,27.4047,0.497418
19.3062,27.4715,0.482788
19.4302,27.5365,0.468158
19.5551,27.5997,0.453528
19.681,27.661,0.438898
19.8077,27.7205,0.424268
19.9353,27.7782,0.409638
20.0637,27.8339,0.395008
20.1929,27.8878,0.380378
20.3229,27.9398,0.365748
20.4537,27.9898,0.351118
20.5851,28.038,0.336488
20.7173,28.0842,0.321858
20.8501,28.1285,0.307228
20.9835,28.1708,0.292599
21.1176,28.2112,0.277969
21.2522,28.2496,0.263339
21.3874,28.2861,0.248709
21.5231,28.3205,0.234079
21.6593,28.353,0.219449
21.7959,28.3835,0.204819
21.933,28.412,0.190189
22.0705,28.4384,0.175559
22.2083,28.4629,0.160929
22.3465,28.4853,0.146299
22.485,28.5057,0.131669
22.6238,28.5241,0.117039
22.7628,28.5405,0.102409
22.9021,28.5548,0.0877796
23.0416,28.567,0.0731496
23.1812,28.5773,0.0585197
23.3209,28.5855,0.0438898
23.4608,28.5916,0.0292599
23.6007,28.5957,0.0146299
23.7407,28.5978,7.97973e-17
23.8807,28.5978,-0.0146299
24.0207,28.5957,-0.0292599
24.1607,28.5916,-0.0438898
24.3005,28.5855,-0.0585197
24.4403,28.5773,-0.0731496
24.5799,28.567,-0.0877796
24.7194,28.5548,-0.102409
24.8586,28.5405,-0.117039
24.9977,28.5241,-0.131669
25.1365,28.5057,-0.146299
25.275,28.4853,-0.17809
25.4128,28.4605,-0.209881
25.5497,28.4314,-0.241671
25.6856,28.3978,-0.273462
25.8204,28.36,-0.305252
25.9539,28.318,-0.337043
26.0861,28.2717,-0.368834
26.2166,28.2212,-0.400624
26.3456,28.1666,-0.432415
26.4727,28.1079,-0.464206
26.5979,28.0452,-0.495996
26.721,27.9786,-0.527787
26.8419,27.9081,-0.559578
26.9606,27.8338,-0.591368
27.0768,27.7557,-0.623159
27.1905,27.674,-0.65495
27.3015,27.5888,-0.68674
27.4098,27.5,-0.718531
27.5152,27.4078,-0.750321
27.6176,27.3124,-0.782112
27.7169,27.2137,-0.796742
27.8148,27.1136,-0.811372
27.9112,27.0121,-0.826002
28.0061,26.9091,-0.840632
28.0994,26.8048,-0.855262
28.1913,26.6992,-0.869892
28.2816,26.5922,-0.884522
28.3703,26.4839,-0.899152
28.4574,26.3743,-0.913781
28.5429,26.2634,-0.928411
28.6268,26.1513,-0.943041
28.709,26.038,-0.957671
28.7896,25.9235,-0.972301
28.8684,25.8078,-0.986931
28.9456,25.691,-1.00156
29.0211,25.5731,-1.01619
29.0948,25.4541,-1.03082
29.1668,25.334,-1.04545
29.237,25.2129,-1.06008
29.3054,25.0908,-1.07471
29.3721,24.9676,-1.08934
29.4369,24.8436,-1.10397
29.4999,24.7185,-1.1186
29.5611,24.5926,-1.13323
29.6204,24.4658,-1.14786
29.6778,24.3381,-1.16249
29.7334,24.2096,-1.17712
29.7871,24.0803,-1.19175
29.8389,23.9503,-1.20638
29.8888,23.8195,-1.22101
29.9368,23.688,-1.22101
29.9848,23.5564,-1.22101
30.0328,23.4249,-1.22101
30.0808,23.2934,-1.22101
30.1287,23.1619,-1.22101
30.1767,23.0303,-1.22101
30.2247,22.8988,-1.22101
30.2727,22.7673,-1.22101
30.3206,22.6358,-1.22101
30.3686,22.5043,-1.22101
30.4166,22.3727,-1.22101
30.4646,22.2412,-1.22101
30.5125,22.1097,-1.22101
30.5605,21.9782,-1.22101
30.6085,21.8466,-1.22101
30.6565,21.7151,-1.22101
30.7045,21.5836,-1.22101
30.7524,21.4521,-1.22101
30.8004,21.3206,-1.22101
30.8484,21.189,-1.22101
30.8964,21.0575,-1.22101
30.9443,20.926,-1.22101
30.9923,20.7945,-1.22101
31.0403,20.6629,-1.22101
31.0883,20.5314,-1.22101
31.1363,20.3999,-1.22101
31.1842,20.2684,-1.22101
31.2322,20.1368,-1.22101
31.2802,20.0053,-1.22101
31.3282,19.8738,-1.22101
31.3761,19.7423,-1.22101
31.4241,19.6108,-1.22101
31.4721,19.4792,-1.22101
31.5201,19.3477,-1.22101
31.5681,19.2162,-1.22101
31.616,19.0847,-1.22101
31.664,18.9531,-1.22101
31.712,18.8216,-1.22101
31.76,18.6901,-1.22101
31.8079,18.5586,-1.22101
31.8559,18.4271,-1.22101
31.9039,18.2955,-1.22101
31.9519,18.164,-1.22101
31.9999,18.0325,-1.22101
32.0478,17.901,-1.22101
32.0958,17.7694,-1.22101
32.1438,17.6379,-1.22101
32.1918,17.5064,-1.22101
32.2397,17.3749,-1.22101
32.2877,17.2434,-1.22101
32.3357,17.1118,-1.22101
32.3837,16.9803,-1.22101
32.4317,16.8488,-1.22101
32.4796,16.7173,-1.22101
32.5276,16.5857,-1.22101
32.5756,16.4542,-1.22101
32.6236,16.3227,-1.22101
32.6715,16.1912,-1.22101
32.7195,16.0597,-1.22101
32.7675,15.9281,-1.22101
32.8155,15.7966,-1.20638
32.8654,15.6658,-1.19175
32.9172,15.5357,-1.17712
32.9709,15.4064,-1.16249
33.0265,15.278,-1.14786
33.0839,15.1503,-1.13323
33.1432,15.0235,-1.1186
33.2044,14.8976,-1.10397
33.2674,14.7725,-1.08934
33.3323,14.6484,-1.07471
33.3989,14.5253,-1.04292
33.4694,14.4044,-1.01113
33.5437,14.2857,-0.979339
33.6218,14.1695,-0.947548
33.7035,14.0558,-0.915757
33.7888,13.9448,-0.883967
33.8776,13.8366,-0.852176
33.9697,13.7312,-0.820386
34.0652,13.6288,-0.788595
34.1639,13.5295,-0.756804
34.2657,13.4334,-0.725014
34.3705,13.3405,-0.693223
34.4782,13.2511,-0.661432
34.5886,13.1651,-0.629642
34.7018,13.0826,-0.597851
34.8175,13.0038,-0.56606
34.9357,12.9287,-0.53427
35.0562,12.8574,-0.502479
35.1788,12.79,-0.470688
35.3036,12.7265,-0.438898
35.4304,12.667,-0.407107
35.5589,12.6116,-0.375317
35.6892,12.5603,-0.343526
35.821,12.5131,-0.311735
35.9542,12.4702,-0.279945
36.0888,12.4315,-0.248154
36.2245,12.3971,-0.216363
36.3612,12.3671,-0.184573
36.4989,12.3414,-0.152782
36.6372,12.3201,-0.120991
36.7762,12.3032,-0.120991
36.9152,12.2863,-0.120991
37.0542,12.2694,-0.120991
37.1931,12.2525,-0.120991
37.3321,12.2356,-0.120991
37.4711,12.2187,-0.120991
37.6101,12.2018,-0.120991
37.749,12.1849,-0.120991
37.888,12.168,-0.120991
38.027,12.1511,-0.120991
38.166,12.1342,-0.120991
38.3049,12.1173,-0.120991
38.4439,12.1004,-0.120991
38.5829,12.0835,-0.120991
38.7219,12.0666,-0.120991
38.8609,12.0497,-0.120991
38.9998,12.0328,-0.120991
39.1388,12.0159,-0.120991
39.2778,11.999,-0.120991
39.4168,11.9821,-0.120991
39.5557,11.9652,-0.120991
39.6947,11.9483,-0.120991
39.8337,11.9314,-0.120991
39.9727,11.9145,-0.120991
40.1116,11.8976,-0.120991
40.2506,11.8807,-0.120991
40.3896,11.8638,-0.120991
40.5286,11.8469,-0.120991
40.6675,11.83,-0.120991
40.8065,11.8131,-0.120991
40.9455,11.7962,-0.120991
41.0845,11.7793,-0.120991
41.2235,11.7624,-0.120991
41.3624,11.7456,-0.120991
41.5014,11.7287,-0.120991
41.6404,11.7118,-0.120991
41.7794,11.6949,-0.120991
41.9183,11.678,-0.120991
42.0573,11.6611,-0.120991
42.1963,11.6442,-0.120991
42.3353,11.6273,-0.120991
42.4742,11.6104,-0.120991
42.6132,11.5935,-0.120991
42.7522,11.5766,-0.120991
42.8912,11.5597,-0.120991
43.0301,11.5428,-0.120991
43.1691,11.5259,-0.120991
43.3081,11.509,-0.120991
43.4471,11.4921,-0.120991
43.5861,11.4752,-0.120991
43.8849,11.4492,-0.0528686
44.1848,11.4435,0.0152542
44.4843,11.4583,0.083377
44.7822,11.4934,0.1515
45.077,11.5488,0.219623
45.3673,11.6241,0.287745
45.6519,11.7189,0.355868
45.9293,11.8329,0.423991
46.1983,11.9656,0.492114
46.4577,12.1162,0.560237
46.7062,12.2842,0.628359
46.9427,12.4686,0.696482
47.1661,12.6688,0.764605
47.3754,12.8837,0.832728
47.5695,13.1123,0.900851
47.6203,13.1776,0.919643
47.8021,13.4163,0.919643
47.984,13.6549,0.919643
48.1658,13.8935,0.919643
48.3476,14.1321,0.919643
48.5295,14.3707,0.919643
48.7113,14.6093,0.919643
48.8931,14.848,0.919643
49.075,15.0866,0.919643
49.2568,15.3252,0.919643
49.4386,15.5638,0.919643
49.6204,15.8024,0.919643
49.8023,16.041,0.919643
49.9841,16.2796,0.919643
50.1659,16.5183,0.919643
50.3478,16.7569,0.919643
50.5296,16.9955,0.919643
50.7114,17.2341,0.919643
50.8933,17.4727,0.919643
51.0751,17.7113,0.919643
51.2569,17.95,0.919643
51.4388,18.1886,0.919643
51.4973,18.2654,0.919643
51.6871,18.4976,0.851521
51.8923,18.7164,0.783398
52.1119,18.9207,0.715275
52.3449,19.1096,0.647152
52.5902,19.2822,0.579029
52.8467,19.4376,0.510907
53.1132,19.5753,0.442784
53.3884,19.6945,0.374661
53.6711,19.7947,0.306538
53.96,19.8754,0.238415
54.2537,19.9363,0.170293
54.5508,19.977,0.10217
54.8501,19.9974,0.034047
55,20,-5.82867e-16
