t,x,y,theta,v,steer,target_x,target_y,cte
0,5,20,0,0,0.257554,7.08483,20.2143,0
0.05,5.00625,20,0.000609733,0.125,0.257557,7.08483,20.2143,0
0.1,5.01815,20,0.00177057,0.237979,0.257564,7.08483,20.2143,7.25519e-06
0.15,5.0354,20,0.00345356,0.345011,0.258717,7.22147,20.2447,3.77986e-05
0.2,5.05768,20.0001,0.00563764,0.44565,0.258743,7.22147,20.2447,0.000114752
0.25,5.08473,20.0003,0.00828924,0.540988,0.259815,7.35765,20.2772,0.00107577
0.3,5.11626,20.0005,0.0113935,0.630616,0.259862,7.35765,20.2772,0.000875847
0.35,5.15203,20.0009,0.0149165,0.715522,0.259925,7.35765,20.2772,0.000760062
0.4,5.19182,20.0015,0.0188353,0.795724,0.260979,7.49334,20.3117,0.000771463
0.45,5.23536,20.0023,0.0231434,0.871079,0.261068,7.49334,20.3117,0.00160719
0.5,5.28247,20.0034,0.0278063,0.942472,0.262076,7.62852,20.3481,0.00131896
0.55,5.33293,20.0048,0.0328211,1.00952,0.262191,7.62852,20.3481,0.00124559
0.6,5.38655,20.0066,0.0381538,1.07303,0.263159,7.76314,20.3865,0.00192432
0.65,5.44314,20.0088,0.0438047,1.13266,0.263301,7.76314,20.3865,0.00159948
0.7,5.50254,20.0114,0.0497407,1.18915,0.264233,7.89719,20.4269,0.0024315
0.75,5.56458,20.0145,0.0559644,1.24215,0.26509,8.03064,20.4692,0.00188627
0.8,5.62908,20.0181,0.0624601,1.29207,0.265262,8.03064,20.4692,0.00172118
0.85,5.69591,20.0223,0.0691981,1.33934,0.266087,8.16345,20.5135,0.00203643
0.9,5.76493,20.027,0.0761819,1.38369,0.266284,8.16345,20.5135,0.00176305
0.95,5.83601,20.0325,0.0833833,1.42569,0.267077,8.2956,20.5598,0.0020233
1,5.90901,20.0386,0.0908067,1.46507,0.267298,8.2956,20.5598,0.00272142
1.05,5.98382,20.0454,0.0984256,1.50235,0.268057,8.42706,20.6079,0.00184986
1.1,6.06031,20.0529,0.106245,1.5373,0.268751,8.5578,20.658,0.00238813
1.15,6.13838,20.0613,0.114253,1.5702,0.268997,8.5578,20.658,0.00154068
1.2,6.21792,20.0704,0.122428,1.60131,0.269656,8.68779,20.71,0.00189004
1.25,6.29884,20.0803,0.130774,1.63048,0.270258,8.81701,20.7638,0.00113669
1.3,6.38102,20.0911,0.139279,1.65792,0.270525,8.81701,20.7638,0.00127734
1.35,6.4644,20.1028,0.147927,1.68386,0.27109,8.94543,20.8196,0.000686303
1.4,6.54888,20.1154,0.156719,1.70818,0.271604,9.07301,20.8772,0.000606965
1.45,6.63437,20.1289,0.165646,1.73107,0.271891,9.07301,20.8772,0.000805995
1.5,6.72081,20.1434,0.174695,1.75267,0.272365,9.19974,20.9367,-6.27019e-05
1.55,6.8081,20.1588,0.183865,1.77294,0.272794,9.32559,20.9981,-0.000106621
1.6,6.89619,20.1752,0.193149,1.792,0.273099,9.32559,20.9981,9.68817e-05
1.65,6.98501,20.1925,0.202538,1.80997,0.273487,9.45053,21.0612,-0.000959182
1.7,7.07448,20.2109,0.212028,1.82685,0.273835,9.57453,21.1262,-0.00100934
1.75,7.16456,20.2303,0.221613,1.84272,0.274157,9.57453,21.1262,-0.000834329
1.8,7.25517,20.2507,0.231288,1.85765,0.274461,9.69756,21.193,-0.00199217
1.85,7.34626,20.2722,0.241047,1.87169,0.274731,9.8196,21.2616,-0.00207395
1.9,7.43778,20.2947,0.250886,1.88491,0.275069,9.8196,21.2616,-0.00194666
1.95,7.52968,20.3182,0.260802,1.8973,0.275293,9.94063,21.332,-0.00312799
2,7.6219,20.3428,0.270787,1.90898,0.275488,10.0606,21.4041,-0.0032562
2.05,7.7144,20.3685,0.280838,1.91998,0.275657,10.1795,21.478,-0.00318713
2.1,7.80713,20.3953,0.290949,1.93033,0.276002,10.1795,21.478,-0.00432222
2.15,7.90006,20.4231,0.301124,1.94,0.276125,10.2974,21.5536,-0.00450574
2.2,7.99313,20.452,0.311352,1.94915,0.276228,10.4141,21.631,-0.00450072
2.25,8.08631,20.482,0.32163,1.95777,0.276586,10.4141,21.631,-0.00552912
2.3,8.17956,20.5131,0.331963,1.96578,0.27517,10.5308,21.7083,-0.00577237
2.35,8.27287,20.5452,0.342284,1.97398,0.272506,10.6475,21.7856,-0.00583425
2.4,8.36624,20.5785,0.352544,1.9825,0.268804,10.7642,21.863,-0.00572583
2.45,8.4597,20.6129,0.362703,1.99152,0.26916,10.7642,21.863,-0.00704064
2.5,8.55315,20.6483,0.372916,1.99915,0.264217,10.8809,21.9403,-0.00723033
2.55,8.64667,20.6849,0.382978,2.00851,0.258538,10.9976,22.0176,-0.00728444
2.6,8.7403,20.7226,0.392865,2.01869,0.252266,11.1143,22.0949,-0.00849863
2.65,8.83406,20.7615,0.402554,2.02984,0.252611,11.1143,22.0949,-0.00893231
2.7,8.92785,20.8014,0.4123,2.03892,0.245319,11.231,22.1723,-0.00931193
2.75,9.0218,20.8425,0.421808,2.05084,0.237668,11.3477,22.2496,-0.0096463
2.8,9.11595,20.8848,0.431067,2.06392,0.229755,11.4644,22.3269,-0.0114098
2.85,9.21036,20.9282,0.440068,2.07829,0.230086,11.4644,22.3269,-0.0123099
2.9,9.3049,20.9727,0.449134,2.08992,0.221326,11.5811,22.4043,-0.0132803
2.95,9.39973,21.0184,0.457906,2.10529,0.212486,11.6978,22.4816,-0.0143353
3,9.4949,21.0653,0.466384,2.12206,0.203627,11.8145,22.5589,-0.016975
3.05,9.59049,21.1134,0.474569,2.14035,0.203943,11.8145,22.5589,-0.0188484
3.1,9.68634,21.1627,0.482823,2.15525,0.194371,11.9312,22.6363,-0.0209521
3.15,9.78264,21.2132,0.490751,2.17465,0.184922,12.0479,22.7136,-0.023308
3.2,9.87947,21.2649,0.498357,2.19562,0.175632,12.1646,22.7909,-0.0272512
3.25,9.97689,21.3179,0.505647,2.21828,0.166532,12.2813,22.8683,-0.0307437
3.3,10.075,21.3722,0.512627,2.24257,0.157642,12.398,22.9456,-0.0346775
3.35,10.1738,21.4279,0.519305,2.26845,0.157913,12.398,22.9456,-0.039126
3.4,10.2732,21.4847,0.526058,2.29002,0.148487,12.5147,23.0229,-0.0441465
3.45,10.3734,21.5429,0.532476,2.31679,0.13936,12.6314,23.1002,-0.0509932
3.5,10.4744,21.6024,0.538568,2.34516,0.130541,12.7482,23.1776,-0.0571723
3.55,10.5764,21.6633,0.544342,2.37524,0.122035,12.8649,23.2549,-0.0627081
3.6,10.6793,21.7256,0.549809,2.40693,0.113844,12.9816,23.3322,-0.0676235
3.65,10.7834,21.7894,0.554976,2.44016,0.105967,13.0983,23.4096,-0.0719402
3.7,10.8885,21.8546,0.55985,2.47483,0.0984016,13.215,23.4869,-0.0756793
3.75,10.9949,21.9212,0.564441,2.51085,0.091144,13.3317,23.5642,-0.078861
3.8,11.1026,21.9894,0.568754,2.54814,0.0841891,13.4484,23.6416,-0.0815053
3.85,11.2115,22.0591,0.572796,2.5866,0.0775311,13.5651,23.7189,-0.0836319
3.9,11.3219,22.1302,0.576574,2.62615,0.0711633,13.6818,23.7962,-0.0852602
3.95,11.4337,22.2029,0.580094,2.66668,0.0650789,13.7985,23.8736,-0.08641
4,11.5469,22.2771,0.583362,2.70811,0.0592705,13.9152,23.9509,-0.087101
4.05,11.6617,22.3529,0.586385,2.75034,0.0537309,14.0319,24.0282,-0.0873533
4.1,11.778,22.4302,0.589167,2.79328,0.0484526,14.1486,24.1055,-0.0871874
4.15,11.8959,22.509,0.591714,2.83684,0.0434284,14.2653,24.1829,-0.0866244
4.2,12.0155,22.5893,0.594033,2.88091,0.038651,14.382,24.2602,-0.0856856
4.25,12.1367,22.6712,0.596127,2.9254,0.0341136,14.4987,24.3375,-0.0843933
4.3,12.2596,22.7546,0.598005,2.97023,0.0260544,14.7321,24.4922,-0.08277
4.35,12.3844,22.8396,0.599462,3.0201,0.0225663,14.8488,24.5695,-0.0808361
4.4,12.511,22.9261,0.600744,3.06676,0.0192606,14.9655,24.6469,-0.0786488
4.45,12.6394,23.0141,0.601854,3.11321,0.0161321,15.0822,24.7242,-0.0762289
4.5,12.7696,23.1035,0.602798,3.15923,0.0131763,15.1989,24.8015,-0.0735978
4.55,12.9016,23.1944,0.60358,3.20477,0.00800571,15.4324,24.9562,-0.0707776
4.6,13.0355,23.2867,0.604063,3.25321,0.00579083,15.5491,25.0335,-0.0677875
4.65,13.1713,23.3804,0.604416,3.29858,0.00371001,15.6658,25.1109,-0.0646762
4.7,13.3088,23.4754,0.604646,3.34308,0.00176021,15.7825,25.1882,-0.0614639
4.75,13.4481,23.5716,0.604756,3.38657,-0.00157543,16.0159,25.3428,-0.0581708
4.8,13.5891,23.669,0.604656,3.42652,-0.0029833,16.1326,25.4202,-0.05482
4.85,13.7315,23.7674,0.604465,3.46205,-0.00428649,16.2493,25.4975,-0.0514517
4.9,13.8753,23.8667,0.604188,3.49475,-0.00644878,16.4827,25.6522,-0.0480851
4.95,14.0202,23.9668,0.603767,3.52336,-0.0073427,16.5994,25.7295,-0.0447397
5,14.1664,24.0676,0.603284,3.55065,-0.00815133,16.7161,25.8068,-0.0414432
5.05,14.3136,24.1691,0.602744,3.57582,-0.00941884,16.9495,25.9615,-0.0382095
5.1,14.4618,24.271,0.602117,3.59833,-0.00992134,17.0662,26.0388,-0.0350526
5.15,14.611,24.3736,0.601452,3.61977,-0.0103541,17.1829,26.1162,-0.0319905
5.2,14.761,24.4765,0.600754,3.63971,-0.0109474,17.4163,26.2708,-0.0290326
5.25,14.9119,24.5799,0.600012,3.65798,-0.0111563,17.533,26.3481,-0.0261874
5.3,15.0636,24.6837,0.599253,3.67536,-0.0113086,17.6497,26.4255,-0.0234649
5.35,15.216,24.7878,0.59848,3.69168,-0.0114058,17.8831,26.5801,-0.0208706
5.4,15.3691,24.8922,0.597697,3.70705,-0.0114005,17.9999,26.6575,-0.0184087
5.45,15.523,24.9969,0.596911,3.72164,-0.01135,18.1166,26.7348,-0.0160828
5.5,15.6774,25.1019,0.596126,3.73547,-0.0110959,18.35,26.8895,-0.013895
5.55,15.8325,25.2072,0.595355,3.74886,-0.0109409,18.4667,26.9668,-0.0118466
5.6,15.9883,25.3126,0.594593,3.76153,-0.0115562,18.7012,27.1197,-0.00993608
5.65,16.1445,25.4183,0.593786,3.77251,-0.013385,18.8201,27.1936,-0.00816375
5.7,16.3012,25.5241,0.592849,3.78074,-0.01617,18.9401,27.2658,-0.00654018
5.75,16.4582,25.6298,0.591715,3.78591,-0.0238963,19.1832,27.4047,-0.0050918
5.8,16.6152,25.7353,0.590041,3.78228,-0.0287558,19.3062,27.4715,-0.0038592
5.85,16.7721,25.8404,0.588029,3.77774,-0.0343527,19.4302,27.5365,-0.00294429
5.9,16.9289,25.9449,0.58563,3.76935,-0.0466886,19.681,27.661,-0.00241065
5.95,17.0852,26.0486,0.582385,3.75022,-0.0534434,19.8077,27.7205,-0.00232954
6,17.241,26.1512,0.578688,3.73182,-0.0607257,19.9353,27.7782,-0.00285427
6.05,17.3963,26.2527,0.574511,3.71006,-0.0755682,20.1929,27.8878,-0.00406171
6.1,17.5507,26.3526,0.569353,3.67834,-0.0832603,20.3229,27.9398,-0.00602709
6.15,17.7043,26.451,0.563715,3.64848,-0.0912811,20.4537,27.9898,-0.00891724
6.2,17.8572,26.5476,0.557585,3.61628,-0.0995836,20.5851,28.038,-0.0128012
6.25,18.0092,26.6424,0.550957,3.58216,-0.115575,20.8501,28.1285,-0.0177461
6.3,18.16,26.735,0.543346,3.54036,-0.123546,20.9835,28.1708,-0.0238061
6.35,18.3098,26.8255,0.535295,3.50116,-0.131625,21.1176,28.2112,-0.0311304
6.4,18.4587,26.9138,0.526809,3.46092,-0.139768,21.2522,28.2496,-0.0397622
6.45,18.6065,26.9998,0.517899,3.41998,-0.14793,21.3874,28.2861,-0.049812
6.5,18.7533,27.0834,0.508576,3.3785,-0.156069,21.5231,28.3205,-0.0583446
6.55,18.899,27.1646,0.498854,3.33662,-0.16414,21.6593,28.353,-0.0654797
6.6,19.0436,27.2434,0.488749,3.2945,-0.178685,21.933,28.412,-0.0722285
6.65,19.187,27.3197,0.477884,3.24838,-0.185644,22.0705,28.4384,-0.0765644
6.7,19.3293,27.3934,0.466737,3.2051,-0.19245,22.2083,28.4629,-0.079934
6.75,19.4705,27.4645,0.455326,3.1622,-0.199075,22.3465,28.4853,-0.0824291
6.8,19.6106,27.5331,0.44367,3.11989,-0.205495,22.485,28.5057,-0.0841365
6.85,19.7496,27.5992,0.431788,3.07823,-0.211691,22.6238,28.5241,-0.085138
6.9,19.8876,27.6628,0.4197,3.03729,-0.217645,22.7628,28.5405,-0.08551
6.95,20.0244,27.7238,0.407426,2.99714,-0.223341,22.9021,28.5548,-0.0853243
7,20.1602,27.7824,0.394985,2.95782,-0.228769,23.0416,28.567,-0.0846476
7.05,20.2949,27.8386,0.382397,2.9194,-0.23392,23.1812,28.5773,-0.0844624
7.1,20.4286,27.8924,0.36968,2.88191,-0.238789,23.3209,28.5855,-0.082907
7.15,20.5613,27.9438,0.356853,2.84539,-0.243372,23.4608,28.5916,-0.0810595
7.2,20.6929,27.9929,0.343933,2.80987,-0.247669,23.6007,28.5957,-0.0789679
7.25,20.8236,28.0396,0.330937,2.77538,-0.251683,23.7407,28.5978,-0.0766761
7.3,20.9532,28.0842,0.317881,2.74193,-0.252225,23.7407,28.5978,-0.0742242
7.35,21.082,28.1266,0.304943,2.71093,-0.256254,23.8807,28.5978,-0.0716462
7.4,21.2098,28.1668,0.291939,2.67996,-0.259963,24.0207,28.5957,-0.0689542
7.45,21.3367,28.2049,0.278887,2.64998,-0.263364,24.1607,28.5916,-0.0651652
7.5,21.4627,28.241,0.2658,2.62097,-0.266469,24.3005,28.5855,-0.0622292
7.55,21.5878,28.2751,0.252693,2.59295,-0.269289,24.4403,28.5773,-0.0592537
7.6,21.712,28.3071,0.239578,2.56592,-0.271841,24.5799,28.567,-0.056265
7.65,21.8354,28.3373,0.226468,2.53989,-0.274137,24.7194,28.5548,-0.0532869
7.7,21.9579,28.3655,0.213371,2.51485,-0.274651,24.7194,28.5548,-0.050341
7.75,22.0796,28.3919,0.200371,2.49143,-0.27683,24.8586,28.5405,-0.0474451
7.8,22.2006,28.4164,0.187383,2.46849,-0.278757,24.9977,28.5241,-0.0446081
7.85,22.3208,28.4392,0.174416,2.44648,-0.280448,25.1365,28.5057,-0.0418475
7.9,22.4402,28.4603,0.161479,2.42537,-0.281921,25.275,28.4853,-0.0391794
7.95,22.5589,28.4796,0.148579,2.40516,-0.284662,25.4128,28.4605,-0.0355951
8,22.6768,28.4973,0.135654,2.38527,-0.28515,25.4128,28.4605,-0.0328569
8.05,22.7941,28.5133,0.122805,2.3668,-0.28926,25.5497,28.4314,-0.0302431
8.1,22.9106,28.5277,0.109866,2.34783,-0.294366,25.6856,28.3978,-0.0277626
8.15,23.0263,28.5404,0.0967915,2.32877,-0.300303,25.8204,28.36,-0.0254443
8.2,23.1413,28.5516,0.0835475,2.30949,-0.30692,25.9539,28.318,-0.0233218
8.25,23.2554,28.5611,0.0701075,2.28993,-0.307407,25.9539,28.318,-0.0214327
8.3,23.3687,28.5691,0.0567477,2.27243,-0.315106,26.0861,28.2717,-0.0184541
8.35,23.4812,28.5755,0.0431465,2.25319,-0.323222,26.2166,28.2212,-0.0167161
8.4,23.5928,28.5803,0.0292912,2.23359,-0.331636,26.3456,28.1666,-0.0152869
8.45,23.7034,28.5835,0.0151753,2.2136,-0.332131,26.3456,28.1666,-0.0142119
8.5,23.8132,28.5852,0.00114978,2.19589,-0.341376,26.4727,28.1079,-0.0135326
8.55,23.922,28.5853,-0.0131679,2.17616,-0.350683,26.5979,28.0452,-0.0118157
8.6,24.0298,28.5839,-0.0277736,2.15609,-0.359969,26.721,27.9786,-0.0115216
8.65,24.1365,28.5809,-0.0426589,2.13569,-0.360464,26.721,27.9786,-0.0117099
8.7,24.2423,28.5764,-0.0574404,2.11763,-0.370319,26.8419,27.9081,-0.0124232
8.75,24.347,28.5704,-0.0725213,2.09764,-0.379961,26.9606,27.8338,-0.01231
8.8,24.4506,28.5629,-0.0878854,2.07744,-0.389344,27.0768,27.7557,-0.0135995
8.85,24.5531,28.5539,-0.103515,2.05706,-0.389829,27.0768,27.7557,-0.0154908
8.9,24.6545,28.5433,-0.119028,2.03892,-0.39954,27.1905,27.674,-0.018024
8.95,24.7547,28.5313,-0.134816,2.01913,-0.408854,27.3015,27.5888,-0.0197016
9,24.8538,28.5179,-0.150858,1.99931,-0.409336,27.3015,27.5888,-0.022975
9.05,24.9517,28.503,-0.166778,1.98162,-0.418832,27.4098,27.5,-0.0269538
9.1,25.0485,28.4867,-0.182957,1.96247,-0.427827,27.5152,27.4078,-0.0303981
9.15,25.144,28.469,-0.199367,1.94335,-0.428302,27.5152,27.4078,-0.0351952
9.2,25.2384,28.45,-0.215653,1.92624,-0.437352,27.6176,27.3124,-0.041268
9.25,25.3316,28.4296,-0.232172,1.90786,-0.445834,27.7169,27.2137,-0.0448505
9.3,25.4236,28.4078,-0.248896,1.88959,-0.446296,27.7169,27.2137,-0.0492971
9.35,25.5143,28.3847,-0.265494,1.87318,-0.453213,27.8148,27.1136,-0.0537133
9.4,25.6039,28.3604,-0.282234,1.85606,-0.458285,27.9112,27.0121,-0.055924
9.45,25.6922,28.3348,-0.299039,1.83953,-0.458729,27.9112,27.0121,-0.0589394
9.5,25.7794,28.3079,-0.315724,1.82435,-0.462404,28.0061,26.9091,-0.0620487
9.55,25.8654,28.2798,-0.332424,1.8092,-0.464628,28.0994,26.8048,-0.0629959
9.6,25.9502,28.2505,-0.349083,1.7948,-0.465051,28.0994,26.8048,-0.0648694
9.65,26.0339,28.2201,-0.365634,1.78132,-0.46606,28.1913,26.6992,-0.0669302
9.7,26.1165,28.1885,-0.382107,1.76839,-0.466484,28.1913,26.6992,-0.0666473
9.75,26.198,28.1557,-0.398484,1.75618,-0.466332,28.2816,26.5922,-0.067582
9.8,26.2784,28.1219,-0.414747,1.74472,-0.465208,28.3703,26.4839,-0.0687734
9.85,26.3577,28.0869,-0.430866,1.73412,-0.465609,28.3703,26.4839,-0.0672415
9.9,26.436,28.0509,-0.446907,1.72388,-0.463513,28.4574,26.3743,-0.0673722
9.95,26.5134,28.0139,-0.462778,1.71472,-0.463915,28.4574,26.3743,-0.0678111
10,26.5897,27.9758,-0.478583,1.70573,-0.460911,28.5429,26.2634,-0.0649786
10.05,26.665,27.9367,-0.494197,1.69796,-0.461314,28.5429,26.2634,-0.0643984
10.1,26.7394,27.8966,-0.509756,1.69018,-0.45747,28.6268,26.1513,-0.0615603
10.15,26.8129,27.8555,-0.525106,1.68376,-0.453182,28.709,26.038,-0.0599674
10.2,26.8855,27.8135,-0.540241,1.67823,-0.453563,28.709,26.038,-0.0587258
10.25,26.9572,27.7705,-0.555338,1.67243,-0.448604,28.7896,25.9235,-0.0544523
10.3,27.0281,27.7265,-0.570207,1.66817,-0.448986,28.7896,25.9235,-0.0521884
10.35,27.0981,27.6816,-0.585049,1.66346,-0.44342,28.8684,25.8078,-0.0477863
10.4,27.1673,27.6357,-0.599653,1.66039,-0.437721,28.9456,25.691,-0.044488
10.45,27.2358,27.5889,-0.614024,1.65818,-0.438084,28.9456,25.691,-0.0415467
10.5,27.3034,27.5413,-0.628384,1.65534,-0.431916,29.0211,25.5731,-0.0355335
10.55,27.3703,27.4926,-0.642504,1.65423,-0.432283,29.0211,25.5731,-0.0315155
10.6,27.4365,27.4431,-0.656622,1.65232,-0.425705,29.0948,25.4541,-0.0252405
10.65,27.5019,27.3927,-0.670496,1.65223,-0.426074,29.0948,25.4541,-0.02012
10.7,27.5666,27.3414,-0.684374,1.65121,-0.41914,29.1668,25.334,-0.0153443
10.75,27.6306,27.2892,-0.698005,1.65208,-0.41238,29.237,25.2129,-0.00728364
10.8,27.6939,27.236,-0.711402,1.65373,-0.412733,29.237,25.2129,-0.000805792
10.85,27.7566,27.182,-0.724818,1.65437,-0.405718,29.3054,25.0908,0.00624481
10.9,27.8186,27.1271,-0.737998,1.65689,-0.406077,29.3054,25.0908,0.012095
10.95,27.88,27.0713,-0.751201,1.65824,-0.398852,29.3721,24.9676,0.0172282
11,27.9407,27.0146,-0.764169,1.66153,-0.391947,29.4369,24.8436,0.0234365
11.05,28.0008,26.957,-0.776917,1.66552,-0.392292,29.4369,24.8436,0.0280125
11.1,28.0603,26.8985,-0.789699,1.6683,-0.385252,29.4999,24.7185,0.0333236
11.15,28.1192,26.8391,-0.802262,1.67297,-0.385604,29.4999,24.7185,0.037397
11.2,28.1774,26.7789,-0.814863,1.67628,-0.378464,29.5611,24.5926,0.0408197
11.25,28.2351,26.7177,-0.827245,1.68152,-0.378823,29.5611,24.5926,0.0454439
11.3,28.2921,26.6557,-0.839668,1.68534,-0.371617,29.6204,24.4658,0.0484212
11.35,28.3486,26.5927,-0.851874,1.69113,-0.364866,29.6778,24.3381,0.0522126
11.4,28.4045,26.5288,-0.863881,1.69753,-0.365215,29.6778,24.3381,0.0547854
11.45,28.4598,26.4641,-0.875936,1.70251,-0.358444,29.7334,24.2096,0.0567739
11.5,28.5145,26.3985,-0.887795,1.70935,-0.352138,29.7871,24.0803,0.0600077
11.55,28.5687,26.3319,-0.899477,1.7167,-0.352479,29.7871,24.0803,0.0616686
11.6,28.6223,26.2644,-0.911211,1.72262,-0.346189,29.8389,23.9503,0.0641604
11.65,28.6753,26.1961,-0.922769,1.73027,-0.34654,29.8389,23.9503,0.0655422
11.7,28.7277,26.1269,-0.934381,1.73638,-0.340284,29.8888,23.8195,0.0664034
11.75,28.7795,26.0567,-0.945817,1.74425,-0.334517,29.9368,23.688,0.0684345
11.8,28.8308,25.9857,-0.957097,1.75254,-0.334863,29.9368,23.688,0.0690692
11.85,28.8814,25.9137,-0.968434,1.75935,-0.327694,29.9848,23.5564,0.0704066
11.9,28.9315,25.8409,-0.979566,1.76827,-0.319786,30.0328,23.4249,0.0708616
11.95,28.9811,25.7671,-0.990471,1.77816,-0.320126,30.0328,23.4249,0.0708669
12,29.0301,25.6924,-1.00144,1.78609,-0.311041,30.0808,23.2934,0.0718572
12.05,29.0785,25.6167,-1.01213,1.79687,-0.301548,30.1287,23.1619,0.0717762
12.1,29.1264,25.54,-1.02255,1.80884,-0.30188,30.1287,23.1619,0.0713105
12.15,29.1738,25.4624,-1.03304,1.81839,-0.291395,30.1767,23.0303,0.0720623
12.2,29.2207,25.3838,-1.04321,1.83145,-0.280767,30.2247,22.8988,0.0716329
12.25,29.2672,25.304,-1.05307,1.84589,-0.281092,30.2247,22.8988,0.0709
12.3,29.3132,25.2233,-1.063,1.85744,-0.269623,30.2727,22.7673,0.0715512
12.35,29.3587,25.1415,-1.07259,1.87309,-0.258225,30.3206,22.6358,0.0710036
12.4,29.4039,25.0585,-1.08183,1.8903,-0.258543,30.3206,22.6358,0.0702495
12.45,29.4486,24.9744,-1.09116,1.90413,-0.246427,30.3686,22.5043,0.0709644
12.5,29.4929,24.8891,-1.10011,1.92265,-0.234556,30.4166,22.3727,0.0705708
12.55,29.537,24.8026,-1.10871,1.94285,-0.234866,30.4166,22.3727,0.0700844
12.6,29.5807,24.7149,-1.11739,1.9592,-0.222374,30.4646,22.2412,0.0710532
12.65,29.624,24.6258,-1.12569,1.9808,-0.210266,30.5125,22.1097,0.0711305
12.7,29.6672,24.5354,-1.13361,2.00422,-0.19856,30.5605,21.9782,0.0712467
12.75,29.7102,24.4435,-1.14117,2.02958,-0.187268,30.6085,21.8466,0.072693
12.8,29.753,24.35,-1.14839,2.05677,-0.187539,30.6085,21.8466,0.0736665
12.85,29.7956,24.2551,-1.15569,2.07932,-0.175786,30.6565,21.7151,0.0748749
12.9,29.8381,24.1587,-1.16263,2.10763,-0.16453,30.7045,21.5836,0.0763517
12.95,29.8805,24.0606,-1.1692,2.13774,-0.153764,30.7524,21.4521,0.0794642
13,29.9229,23.9607,-1.17543,2.16976,-0.143479,30.8004,21.3206,0.0822142
13.05,29.9654,23.8591,-1.18132,2.20357,-0.143717,30.8004,21.3206,0.0854728
13.1,30.0078,23.7558,-1.1873,2.23204,-0.133056,30.8484,21.189,0.0899008
13.15,30.0502,23.6507,-1.19292,2.26665,-0.122928,30.8964,21.0575,0.0937201
13.2,30.0926,23.5437,-1.19819,2.303,-0.113314,30.9443,20.926,0.0969539
13.25,30.1353,23.4347,-1.20313,2.34119,-0.104197,30.9923,20.7945,0.0996248
13.3,30.1781,23.3236,-1.20774,2.38106,-0.0955543,31.0403,20.6629,0.101754
13.35,30.2211,23.2103,-1.21204,2.4225,-0.0873678,31.0883,20.5314,0.103362
13.4,30.2644,23.0949,-1.21604,2.46536,-0.0796175,31.1363,20.3999,0.104468
13.45,30.3079,22.9773,-1.21974,2.50952,-0.0722842,31.1842,20.2684,0.105092
13.5,30.3519,22.8573,-1.22317,2.55485,-0.0653493,31.2322,20.1368,0.105254
13.55,30.3962,22.735,-1.22632,2.60122,-0.0587949,31.2802,20.0053,0.104973
13.6,30.4409,22.6104,-1.22921,2.64851,-0.0526038,31.3282,19.8738,0.104269
13.65,30.4861,22.4833,-1.23184,2.69659,-0.0467598,31.3761,19.7423,0.103164
13.7,30.5317,22.3539,-1.23422,2.74533,-0.0412474,31.4241,19.6108,0.101678
13.75,30.5778,22.222,-1.23635,2.79462,-0.0360522,31.4721,19.4792,0.0998324
13.8,30.6245,22.0877,-1.23825,2.84432,-0.0311604,31.5201,19.3477,0.0976505
13.85,30.6718,21.9509,-1.23992,2.89433,-0.0265593,31.5681,19.2162,0.0951553
13.9,30.7196,21.8116,-1.24137,2.94452,-0.0185205,31.664,18.9531,0.092371
13.95,30.7681,21.6697,-1.2424,2.99977,-0.0150841,31.712,18.8216,0.0893171
14,30.8173,21.5253,-1.24325,3.05144,-0.0118605,31.76,18.6901,0.0860537
14.05,30.8672,21.3784,-1.24393,3.10267,-0.00884141,31.8079,18.5586,0.0826034
14.1,30.9179,21.2291,-1.24445,3.15322,-0.00601962,31.8559,18.4271,0.0789893
14.15,30.9692,21.0774,-1.24481,3.20302,-0.00118392,31.9519,18.164,0.0752356
14.2,31.0213,20.9232,-1.24488,3.25536,0.000856139,31.9999,18.0325,0.0713624
14.25,31.0742,20.7668,-1.24483,3.30172,0.00274663,32.0478,17.901,0.0674223
14.3,31.1277,20.6085,-1.24466,3.34258,0.0059135,32.1438,17.6379,0.0634421
14.35,31.1818,20.4485,-1.24429,3.3779,0.0072292,32.1918,17.5064,0.0594486
14.4,31.2365,20.2869,-1.24383,3.41167,0.00842761,32.2397,17.3749,0.0554783
14.45,31.2918,20.1239,-1.24329,3.44268,0.00951138,32.2877,17.2434,0.0515504
14.5,31.3476,19.9596,-1.24268,3.47124,0.0112197,32.3837,16.9803,0.0476833
14.55,31.404,19.7941,-1.24196,3.49652,0.0118975,32.4317,16.8488,0.0438948
14.6,31.4608,19.6275,-1.24118,3.52065,0.0124841,32.4796,16.7173,0.040208
14.65,31.5182,19.4598,-1.24036,3.54303,0.0133067,32.5756,16.4542,0.0366352
14.7,31.576,19.2913,-1.23948,3.5634,0.0136011,32.6236,16.3227,0.0331878
14.75,31.6343,19.1219,-1.23858,3.5828,0.013823,32.6715,16.1912,0.0298789
14.8,31.693,18.9517,-1.23766,3.60099,0.0140038,32.7675,15.9281,0.0267156
14.85,31.7521,18.7807,-1.23672,3.61807,0.0140224,32.8155,15.7966,0.0237041
14.9,31.8117,18.6091,-1.23578,3.63429,0.0151155,32.8654,15.6658,0.0208495
14.95,31.8717,18.4368,-1.23475,3.64809,0.0199708,32.9709,15.4064,0.0181563
15,31.932,18.2643,-1.2334,3.65524,0.0236133,33.0265,15.278,0.0156444
15.05,31.9925,18.0916,-1.2318,3.66048,0.0280747,33.0839,15.1503,0.0133764
15.1,32.0534,17.9189,-1.2299,3.66192,0.0385285,33.2044,14.8976,0.0114005
15.15,32.1145,17.7467,-1.22729,3.65316,0.0444901,33.2674,14.7725,0.00977721
15.2,32.1759,17.5752,-1.22428,3.64428,0.0510435,33.3323,14.6484,0.00863302
15.25,32.2375,17.4044,-1.22085,3.63168,0.0581446,33.3989,14.5253,0.00803835
15.3,32.2995,17.2346,-1.21695,3.61564,0.0764761,33.5437,14.2857,0.00806744
15.35,32.3616,17.0664,-1.21186,3.58568,0.0875729,33.6218,14.1695,0.00879505
15.4,32.4241,16.8999,-1.20608,3.55624,0.100072,33.7035,14.0558,0.0104214
15.45,32.4869,16.7354,-1.19953,3.52225,0.113856,33.7888,13.9448,0.0130504
15.5,32.5501,16.573,-1.19215,3.48416,0.142728,33.9697,13.7312,0.0167917
15.55,32.6136,16.4136,-1.18302,3.43236,0.157931,34.0652,13.6288,0.0217432
15.6,32.6775,16.2569,-1.17304,3.38383,0.173875,34.1639,13.5295,0.0281692
15.65,32.7421,16.1033,-1.1622,3.33268,0.190428,34.2657,13.4334,0.0361596
15.7,32.8072,15.9528,-1.15049,3.27957,0.207455,34.3705,13.3405,0.0457976
15.75,32.873,15.8056,-1.13792,3.22484,0.224822,34.4782,13.2511,0.0569879
15.8,32.9395,15.6618,-1.1245,3.16881,0.242391,34.5886,13.1651,0.0673775
15.85,33.0066,15.5215,-1.11025,3.11184,0.26003,34.7018,13.0826,0.0771459
15.9,33.0745,15.3847,-1.09521,3.05423,0.277612,34.8175,13.0038,0.086464
15.95,33.1431,15.2515,-1.07939,2.9963,0.295017,34.9357,12.9287,0.096477
16,33.2124,15.1219,-1.06286,2.9383,0.312136,35.0562,12.8574,0.105247
16.05,33.2825,14.9961,-1.04565,2.8805,0.328867,35.1788,12.79,0.114056
16.1,33.3533,14.874,-1.02781,2.82313,0.345126,35.3036,12.7265,0.123031
16.15,33.4247,14.7555,-1.00939,2.76638,0.360836,35.4304,12.667,0.132286
16.2,33.4969,14.6408,-0.990447,2.71043,0.375937,35.5589,12.6116,0.142807
16.25,33.5697,14.5298,-0.971037,2.65544,0.39038,35.6892,12.5603,0.151533
16.3,33.6431,14.4224,-0.951213,2.60154,0.404131,35.821,12.5131,0.158672
16.35,33.7171,14.3187,-0.931026,2.54884,0.404816,35.821,12.5131,0.162256
16.4,33.7917,14.2183,-0.911184,2.50064,0.418904,35.9542,12.4702,0.166485
16.45,33.8669,14.1215,-0.890971,2.45143,0.432105,36.0888,12.4315,0.169519
16.5,33.9424,14.028,-0.870444,2.40349,0.444428,36.2245,12.3971,0.171533
16.55,34.0184,13.9379,-0.849661,2.3568,0.455889,36.3612,12.3671,0.172693
16.6,34.0947,13.8511,-0.828672,2.31142,0.456516,36.3612,12.3671,0.173152
16.65,34.1714,13.7675,-0.80803,2.26968,0.46791,36.4989,12.3414,0.173049
16.7,34.2483,13.687,-0.787183,2.22766,0.478363,36.6372,12.3201,0.172457
16.75,34.3255,13.6095,-0.766183,2.18697,0.487924,36.7762,12.3032,0.169136
16.8,34.4029,13.535,-0.745076,2.14757,0.488495,36.7762,12.3032,0.167093
16.85,34.4805,13.4635,-0.724298,2.11119,0.495258,36.9152,12.2863,0.164867
16.9,34.5582,13.3947,-0.703538,2.07541,0.498989,37.0542,12.2694,0.162523
16.95,34.636,13.3287,-0.682934,2.04155,0.499523,37.0542,12.2694,0.160152
17,34.714,13.2653,-0.662624,2.00978,0.500649,37.1931,12.2525,0.154799
17.05,34.792,13.2044,-0.642567,1.97957,0.499375,37.3321,12.2356,0.15142
17.1,34.8701,13.1459,-0.622854,1.95139,0.49987,37.3321,12.2356,0.148144
17.15,34.9483,13.0898,-0.603391,1.92452,0.496266,37.4711,12.2187,0.142682
17.2,35.0265,13.0359,-0.58434,1.89992,0.496755,37.4711,12.2187,0.138456
17.25,35.1047,12.9841,-0.565505,1.87619,0.490906,37.6101,12.2018,0.134415
17.3,35.183,12.9344,-0.547142,1.85505,0.483496,37.749,12.1849,0.130601
17.35,35.2614,12.8867,-0.52929,1.83601,0.483946,37.749,12.1849,0.12359
17.4,35.3399,12.8408,-0.511601,1.81716,0.474618,37.888,12.168,0.118829
17.45,35.4184,12.7967,-0.494461,1.80144,0.475064,37.888,12.168,0.114324
17.5,35.497,12.7543,-0.477455,1.78546,0.463934,38.027,12.1511,0.106535
17.55,35.5757,12.7136,-0.461027,1.77291,0.451989,38.166,12.1342,0.101047
17.6,35.6546,12.6744,-0.44518,1.76252,0.4524,38.166,12.1342,0.0935026
17.65,35.7337,12.6367,-0.429418,1.75129,0.438967,38.3049,12.1173,0.0869195
17.7,35.813,12.6004,-0.414255,1.74396,0.439375,38.3049,12.1173,0.0805732
17.75,35.8924,12.5654,-0.399151,1.73531,0.424574,38.4439,12.1004,0.0716935
17.8,35.9721,12.5318,-0.38466,1.73089,0.409572,38.5829,12.0835,0.064165
17.85,36.0522,12.4994,-0.370763,1.7287,0.40995,38.5829,12.0835,0.056815
17.9,36.1326,12.4681,-0.356883,1.72467,0.393852,38.7219,12.0666,0.0462684
17.95,36.2134,12.438,-0.343606,1.7253,0.394229,38.7219,12.0666,0.0375483
18,36.2946,12.409,-0.330327,1.72361,0.37714,38.8609,12.0497,0.0266121
18.05,36.3763,12.381,-0.31766,1.72694,0.360337,38.9998,12.0328,0.0164124
18.1,36.4586,12.3539,-0.305571,1.7326,0.360689,38.9998,12.0328,0.00624655
18.15,36.5413,12.3278,-0.293449,1.73546,0.343114,39.1388,12.0159,-0.00695983
18.2,36.6248,12.3026,-0.281912,1.74378,0.343468,39.1388,12.0159,-0.0188679
18.25,36.7088,12.2782,-0.27033,1.74875,0.325204,39.2778,11.999,-0.0328778
18.3,36.7936,12.2548,-0.259343,1.75963,0.307597,39.4168,11.9821,-0.0459681
18.35,36.8792,12.232,-0.248913,1.77298,0.307929,39.4168,11.9821,-0.0581937
18.4,36.9656,12.2101,-0.238414,1.78252,0.289797,39.5557,11.9652,-0.0695638
18.45,37.053,12.1888,-0.228483,1.79844,0.272467,39.6947,11.9483,-0.0800985
18.5,37.1415,12.1683,-0.219082,1.81686,0.272781,39.6947,11.9483,-0.0898446
18.55,37.2308,12.1484,-0.209597,1.83087,0.255049,39.8337,11.9314,-0.0988097
18.6,37.3214,12.1291,-0.200656,1.85174,0.238224,39.9727,11.9145,-0.107003
18.65,37.4133,12.1104,-0.192224,1.87516,0.238522,39.9727,11.9145,-0.114464
18.7,37.5062,12.0923,-0.183698,1.89356,0.221381,40.1116,11.8976,-0.121202
18.75,37.6006,12.0748,-0.175698,1.91931,0.205216,40.2506,11.8807,-0.127216
18.8,37.6964,12.0578,-0.16819,1.94769,0.189986,40.3896,11.8638,-0.132541
18.85,37.794,12.0412,-0.161144,1.97877,0.190249,40.3896,11.8638,-0.137209
18.9,37.8929,12.0251,-0.153997,2.00404,0.174782,40.5286,11.8469,-0.141231
18.95,37.9935,12.0095,-0.147335,2.03707,0.160281,40.6675,11.83,-0.144592
19,38.096,11.9943,-0.14113,2.07265,0.146692,40.8065,11.8131,-0.147322
19.05,38.2005,11.9794,-0.135355,2.11086,0.133962,40.9455,11.7962,-0.149448
19.1,38.3071,11.9649,-0.129985,2.15151,0.122041,41.0845,11.7793,-0.150993
19.15,38.4159,11.9507,-0.125001,2.19443,0.122243,41.0845,11.7793,-0.151979
19.2,38.5266,11.9368,-0.119926,2.23061,0.110127,41.2235,11.7624,-0.152427
19.25,38.6395,11.9232,-0.115268,2.27454,0.0988236,41.3624,11.7456,-0.152305
19.3,38.7548,11.9098,-0.111008,2.32058,0.0882822,41.5014,11.7287,-0.151641
19.35,38.8725,11.8967,-0.107125,2.36881,0.0784541,41.6404,11.7118,-0.150459
19.4,38.9927,11.8838,-0.103603,2.41902,0.0692938,41.7794,11.6949,-0.148782
19.45,39.1156,11.871,-0.100427,2.471,0.0607587,41.9183,11.678,-0.146634
19.5,39.2412,11.8584,-0.0975832,2.52455,0.0528092,42.0573,11.6611,-0.144038
19.55,39.3696,11.8458,-0.0950583,2.57948,0.0454084,42.1963,11.6442,-0.141019
19.6,39.5007,11.8333,-0.0928405,2.63557,0.0385223,42.3353,11.6273,-0.137602
19.65,39.6348,11.8208,-0.0909187,2.69264,0.0321195,42.4742,11.6104,-0.133813
19.7,39.7718,11.8083,-0.0892821,2.7505,0.0261713,42.6132,11.5935,-0.129678
19.75,39.9116,11.7958,-0.0879205,2.80896,0.0206512,42.7522,11.5766,-0.125225
19.8,40.0545,11.7832,-0.0868236,2.86782,0.0112163,43.0301,11.5428,-0.120484
19.85,40.2006,11.7705,-0.0862143,2.933,0.00725223,43.1691,11.5259,-0.115474
19.9,40.3497,11.7576,-0.0858122,2.99387,0.00358653,43.3081,11.509,-0.110269
19.95,40.5019,11.7445,-0.0856094,3.05425,0.000204074,43.4471,11.4921,-0.104898
20,40.657,11.7312,-0.0855976,3.11383,-0.00290884,43.5861,11.4752,-0.0993902
20.05,40.8146,11.7177,-0.085768,3.16352,-0.00257602,43.8849,11.4492,-0.0937929
20.1,40.9747,11.7039,-0.0859213,3.2132,0.00834602,44.1848,11.4435,-0.0881351
20.15,41.1366,11.69,-0.0854188,3.25119,0.0083696,44.1848,11.4435,-0.0824353
20.2,41.3006,11.6759,-0.0849087,3.29143,0.0281802,44.4843,11.4583,-0.0765823
20.25,41.4651,11.6619,-0.0831849,3.30222,0.028264,44.4843,11.4583,-0.0706259
20.3,41.6308,11.6481,-0.0814436,3.32603,0.055393,44.7822,11.4934,-0.0643401
20.35,41.7961,11.6346,-0.0780386,3.31597,0.0851176,45.077,11.5488,-0.0577849
20.4,41.9602,11.6218,-0.0728352,3.29311,0.0853526,45.077,11.5488,-0.0507146
20.45,42.1241,11.6098,-0.0676296,3.28545,0.119234,45.3673,11.6241,-0.0428069
20.5,42.2862,11.5988,-0.060421,3.24919,0.119559,45.3673,11.6241,-0.0341419
20.55,42.4473,11.5891,-0.0532373,3.22911,0.156294,45.6519,11.7189,-0.0243685
20.6,42.6063,11.5806,-0.0439469,3.18368,0.156706,45.6519,11.7189,-0.0135913
20.65,42.7638,11.5737,-0.0347196,3.15362,0.195,45.9293,11.8329,-0.0014549
20.7,42.9188,11.5683,-0.0233738,3.10198,0.195487,45.9293,11.8329,0.0119092
20.75,43.072,11.5647,-0.0121366,3.06446,0.23411,46.1983,11.9656,0.0268427
20.8,43.2224,11.5629,0.00115256,3.00908,0.234655,46.1983,11.9656,0.043188
20.85,43.3708,11.5631,0.0142848,2.96638,0.272503,46.4577,12.1162,0.0612593
20.9,43.5162,11.5652,0.0293403,2.90924,0.273084,46.4577,12.1162,0.0808769
20.95,43.6593,11.5694,0.0441916,2.86335,0.309241,46.7062,12.2842,0.102319
21,43.7995,11.5756,0.060793,2.80596,0.309836,46.7062,12.2842,0.121715
21.05,43.9371,11.5839,0.0771471,2.75849,0.310471,46.7062,12.2842,0.137358
21.1,44.0724,11.5944,0.0932675,2.71313,0.347101,46.9427,12.4686,0.152576
21.15,44.2047,11.6068,0.111075,2.65817,0.347732,46.9427,12.4686,0.162934
21.2,44.3345,11.6212,0.128609,2.61224,0.380766,47.1661,12.6688,0.174859
21.25,44.4614,11.6377,0.147576,2.55875,0.381374,47.1661,12.6688,0.180644
21.3,44.5857,11.6561,0.166238,2.51304,0.38202,47.1661,12.6688,0.188706
21.35,44.7075,11.6766,0.184611,2.46948,0.413535,47.3754,12.8837,0.192304
21.4,44.8264,11.6988,0.204277,2.41991,0.414142,47.3754,12.8837,0.19631
21.45,44.9428,11.7229,0.223628,2.37723,0.441228,47.5695,13.1123,0.199161
21.5,45.0564,11.7487,0.244006,2.33004,0.441784,47.5695,13.1123,0.199628
21.55,45.1674,11.7764,0.264052,2.28872,0.442372,47.5695,13.1123,0.202418
21.6,45.276,11.8057,0.283784,2.24942,0.450407,47.6203,13.1776,0.200115
21.65,45.3821,11.8367,0.303578,2.21047,0.469133,47.8021,13.4163,0.199677
21.7,45.4857,11.8691,0.32395,2.17037,0.469657,47.8021,13.4163,0.198684
21.75,45.5868,11.9031,0.344012,2.13446,0.47021,47.8021,13.4163,0.195279
21.8,45.6857,11.9385,0.363779,2.10035,0.476412,47.984,13.6549,0.194034
21.85,45.7823,11.9753,0.383531,2.06682,0.476896,47.984,13.6549,0.190214
21.9,45.8767,12.0134,0.403009,2.03571,0.477407,47.984,13.6549,0.186096
21.95,45.969,12.0527,0.422228,2.00622,0.473205,48.1658,13.8935,0.183992
22,46.0592,12.0933,0.440996,1.97932,0.473648,48.1658,13.8935,0.178255
22.05,46.1476,12.1349,0.459536,1.95333,0.474115,48.1658,13.8935,0.173265
22.1,46.234,12.1777,0.477865,1.92874,0.474609,48.1658,13.8935,0.170124
22.15,46.3186,12.2215,0.495994,1.90545,0.461149,48.3476,14.1321,0.163143
22.2,46.4015,12.2664,0.513352,1.88647,0.461574,48.3476,14.1321,0.157087
22.25,46.4829,12.3123,0.530549,1.86691,0.462024,48.3476,14.1321,0.152713
22.3,46.5626,12.359,0.547595,1.84846,0.441908,48.5295,14.3707,0.145006
22.35,46.6409,12.4068,0.563678,1.83572,0.442295,48.5295,14.3707,0.137601
22.4,46.7179,12.4555,0.579651,1.82122,0.442704,48.5295,14.3707,0.131715
22.45,46.7935,12.505,0.59552,1.80759,0.44314,48.5295,14.3707,0.12359
22.5,46.8678,12.5553,0.611294,1.79465,0.416497,48.7113,14.6093,0.114546
22.55,46.9411,12.6066,0.62595,1.78902,0.416869,48.7113,14.6093,0.106935
22.6,47.0132,12.6588,0.640549,1.78027,0.417267,48.7113,14.6093,0.0986588
22.65,47.0842,12.7117,0.655097,1.77212,0.38735,48.8931,14.848,0.0876948
22.7,47.1545,12.7657,0.668487,1.77242,0.387691,48.8931,14.848,0.0780094
22.75,47.2239,12.8205,0.681861,1.76856,0.388055,48.8931,14.848,0.069523
22.8,47.2924,12.8762,0.695223,1.76508,0.388445,48.8931,14.848,0.0563215
22.85,47.3601,12.9326,0.708574,1.76171,0.354464,49.075,15.0866,0.0442475
22.9,47.4272,12.9901,0.720695,1.76849,0.354797,49.075,15.0866,0.0332974
22.95,47.4937,13.0485,0.732836,1.76976,0.355156,49.075,15.0866,0.0198435
23,47.5595,13.1078,0.745001,1.77116,0.320479,49.2568,15.3252,0.00503435
23.05,47.6251,13.1682,0.755965,1.78376,0.320786,49.2568,15.3252,-0.00950255
23.1,47.6902,13.2296,0.766978,1.78985,0.321117,49.2568,15.3252,-0.0240852
23.15,47.7549,13.2919,0.77804,1.79585,0.286599,49.4386,15.5638,-0.0377402
23.2,47.8195,13.3556,0.787941,1.81406,0.286882,49.4386,15.5638,-0.0505412
23.25,47.8838,13.4203,0.79791,1.82481,0.28719,49.4386,15.5638,-0.0625231
23.3,47.9479,13.486,0.807948,1.83523,0.287526,49.4386,15.5638,-0.0736659
23.35,48.0116,13.5527,0.818052,1.84499,0.251435,49.6204,15.8024,-0.0839483
23.4,48.0755,13.6209,0.826943,1.86903,0.251719,49.6204,15.8024,-0.0934259
23.45,48.1393,13.6902,0.835916,1.88412,0.252031,49.6204,15.8024,-0.102146
23.5,48.203,13.7606,0.84497,1.8987,0.217442,49.8023,16.041,-0.110086
23.55,48.267,13.8327,0.852861,1.92862,0.217706,49.8023,16.041,-0.11728
23.6,48.3311,13.9061,0.860843,1.94858,0.217997,49.8023,16.041,-0.123782
23.65,48.3952,13.9807,0.868915,1.96779,0.185201,49.9841,16.2796,-0.129564
23.7,48.4599,14.0572,0.875866,2.0034,0.185446,49.9841,16.2796,-0.134643
23.75,48.5248,14.1351,0.882911,2.02806,0.156797,50.1659,16.5183,-0.139081
23.8,48.5905,14.2151,0.888969,2.06919,0.157006,50.1659,16.5183,-0.14288
23.85,48.6566,14.2965,0.895123,2.09911,0.157239,50.1659,16.5183,-0.146099
23.9,48.7232,14.3796,0.90137,2.12777,0.130316,50.3478,16.7569,-0.148707
23.95,48.7906,14.4648,0.906645,2.17328,0.130513,50.3478,16.7569,-0.150693
24,48.8586,14.5517,0.912009,2.20681,0.107219,50.5296,16.9955,-0.152127
24.05,48.9277,14.6409,0.916508,2.25697,0.107385,50.5296,16.9955,-0.152989
24.1,48.9975,14.7319,0.921089,2.2951,0.107571,50.5296,16.9955,-0.153349
24.15,49.068,14.8248,0.925752,2.33154,0.0857425,50.7114,17.2341,-0.15318
24.2,49.1397,14.9201,0.929548,2.38481,0.0858969,50.7114,17.2341,-0.152452
24.25,49.2123,15.0172,0.933416,2.42546,0.0671661,50.8933,17.4727,-0.15125
24.3,49.2861,15.117,0.936508,2.48242,0.0672926,50.8933,17.4727,-0.149541
24.35,49.361,15.2188,0.939662,2.52695,0.0512347,51.0751,17.7113,-0.14741
24.4,49.4373,15.3232,0.942118,2.58657,0.0513366,51.0751,17.7113,-0.144822
24.45,49.5148,15.4297,0.944624,2.63413,0.037589,51.2569,17.95,-0.141862
24.5,49.5938,15.5389,0.946502,2.69547,0.0376684,51.2569,17.95,-0.138495
24.55,49.674,15.6503,0.948417,2.74523,0.0259257,51.4388,18.1886,-0.134809
24.6,49.7558,15.7643,0.949766,2.8074,0.0259843,51.4388,18.1886,-0.130771
24.65,49.839,15.8806,0.951141,2.85859,0.0224062,51.4973,18.2654,-0.126466
24.7,49.9236,15.9991,0.95235,2.91208,0.00673692,51.6871,18.4976,-0.121881
24.75,50.01,16.1206,0.952722,2.9821,0.00675461,51.6871,18.4976,-0.117005
24.8,50.098,16.2444,0.953102,3.03725,-0.0179524,51.8923,18.7164,-0.111982
24.85,50.187,16.3697,0.95208,3.07408,-0.0467353,52.1119,18.9207,-0.106841
24.9,50.2764,16.4951,0.949411,3.08103,-0.0468548,52.1119,18.9207,-0.101845
24.95,50.3668,16.6214,0.946715,3.10526,-0.0806654,52.3449,19.1096,-0.0972234
25,50.4571,16.7469,0.942086,3.09234,-0.0808744,52.3449,19.1096,-0.0930381
25.05,50.5482,16.8721,0.937436,3.09773,-0.118258,52.5902,19.2822,-0.0895624
25.1,50.6391,16.9959,0.930681,3.07019,-0.118561,52.5902,19.2822,-0.0868312
25.15,50.7304,17.1186,0.923931,3.06012,-0.158115,52.8467,19.4376,-0.0851425
25.2,50.8215,17.2392,0.915007,3.02211,-0.158506,52.8467,19.4376,-0.0844947
25.25,50.913,17.358,0.906127,3.00007,-0.198899,53.1132,19.5753,-0.0851901
25.3,51.0041,17.4743,0.895097,2.95499,-0.199364,53.1132,19.5753,-0.0871871
25.35,51.0956,17.5884,0.884155,2.92417,-0.239389,53.3884,19.6945,-0.0907757
25.4,51.1867,17.6996,0.871162,2.87476,-0.239907,53.3884,19.6945,-0.0958756
25.45,51.2781,17.8081,0.858307,2.83789,-0.278531,53.6711,19.7947,-0.102752
25.5,51.3691,17.9136,0.843552,2.78624,-0.279081,53.6711,19.7947,-0.111292
25.55,51.4604,18.0161,0.828982,2.74556,-0.279671,53.6711,19.7947,-0.121727
25.6,51.5518,18.1159,0.814587,2.70655,-0.319218,53.96,19.8754,-0.13398
25.65,51.6429,18.2125,0.798335,2.65526,-0.319821,53.96,19.8754,-0.147902
25.7,51.7341,18.3061,0.782303,2.61397,-0.355802,54.2537,19.9363,-0.161575
25.75,51.825,18.3964,0.764665,2.563,-0.356397,54.2537,19.9363,-0.170439
25.8,51.916,18.4837,0.747287,2.52059,-0.388543,54.5508,19.977,-0.181371
25.85,52.0066,18.5676,0.728556,2.47094,-0.38911,54.5508,19.977,-0.186074
25.9,52.0972,18.6485,0.710116,2.42862,-0.389712,54.5508,19.977,-0.19273
25.95,52.1878,18.7263,0.691951,2.38828,-0.42006,54.8501,19.9974,-0.196492
26,52.2779,18.801,0.672578,2.34224,-0.420621,54.8501,19.9974,-0.199223
26.05,52.368,18.8728,0.653503,2.30266,-0.421215,54.8501,19.9974,-0.202856
26.1,52.4579,18.9416,0.634711,2.26495,-0.436512,55,20,-0.202137
26.15,52.5475,19.0076,0.615483,2.22563,-0.437115,55,20,-0.203521
26.2,52.6369,19.0708,0.596531,2.19024,-0.437755,55,20,-0.202452
26.25,52.7261,19.1314,0.577839,2.15661,-0.438437,55,20,-0.200565
26.3,52.8151,19.1894,0.55939,2.12474,-0.439167,55,20,-0.200691
26.35,52.9039,19.245,0.541169,2.09453,-0.439949,55,20,-0.196002
26.4,52.9924,19.2982,0.523161,2.06588,-0.440791,55,20,-0.192877
26.45,53.0807,19.3492,0.505351,2.03869,-0.441701,55,20,-0.190446
26.5,53.1688,19.3979,0.487725,2.01287,-0.44269,55,20,-0.184153
26.55,53.2566,19.4445,0.470269,1.98834,-0.443769,55,20,-0.179687
26.6,53.3442,19.489,0.452969,1.96502,-0.444952,55,20,-0.175098
26.65,53.4315,19.5315,0.435813,1.94283,-0.446258,55,20,-0.167499
26.7,53.5186,19.5721,0.418787,1.92168,-0.447707,55,20,-0.161627
26.75,53.6055,19.6107,0.401877,1.9015,-0.449328,55,20,-0.155616
26.8,53.6921,19.6475,0.385068,1.88222,-0.451154,55,20,-0.146657
26.85,53.7785,19.6825,0.368347,1.86376,-0.453231,55,20,-0.139346
26.9,53.8646,19.7158,0.351697,1.84604,-0.455615,55,20,-0.132614
26.95,53.9504,19.7473,0.335101,1.82897,-0.458386,55,20,-0.122277
27,54.036,19.7771,0.318539,1.81248,0,0,0,-0.113529
27.05,54.1162,19.8035,0.318539,1.68748,0,0,0,-0.106776
27.1,54.1903,19.828,0.318539,1.56248,0,0,0,-0.0960294
27.15,54.2586,19.8505,0.318539,1.43748,0,0,0,-0.0854133
27.2,54.3209,19.871,0.318539,1.31248,0,0,0,-0.0757204
27.25,54.3773,19.8896,0.318539,1.18748,0,0,0,-0.0669507
27.3,54.4278,19.9063,0.318539,1.06248,0,0,0,-0.0578492
27.35,54.4723,19.9209,0.318539,0.937481,0,0,0,-0.0477861
27.4,54.5109,19.9337,0.318539,0.812481,0,0,0,-0.0390647
27.45,54.5435,19.9444,0.318539,0.687481,0,0,0,-0.0316852
27.5,54.5702,19.9532,0.318539,0.562481,0,0,0,-0.0256474
27.55,54.591,19.9601,0.318539,0.437481,0,0,0,-0.0209513
27.6,54.6058,19.965,0.318539,0.312481,0,0,0,-0.0175971
27.65,54.6147,19.9679,0.318539,0.187481,0,0,0,-0.0155846
